motif_id	motif_alt_id	sequence_name	start	stop	strand	score	p-value	q-value	matched_sequence
Phvul.001G060200	MP00464	Phvul.006G134700	312	325	-	20.9194	1.77e-08	0.000105	ACCGTTGACTTTTG
Phvul.007G075400	MP00561	Phvul.006G134700	313	325	-	21	3.33e-08	0.000196	ACCGTTGACTTTT
Phvul.008G058300	MP00422	Phvul.006G134700	313	325	+	20.0806	4.29e-08	0.000253	AAAAGTCAACGGT
Phvul.009G043100	MP00408	Phvul.006G134700	313	325	-	20.7581	5.21e-08	0.000309	ACCGTTGACTTTT
Phvul.006G123000	MP00171	Phvul.006G134700	313	325	+	20.0161	6.41e-08	0.000379	AAAAGTCAACGGT
Phvul.001G088200	MP00506	Phvul.006G134700	313	325	+	19.3226	1.19e-07	0.000701	AAAAGTCAACGGT
Phvul.002G196800	MP00440	Phvul.006G134700	313	325	-	17.9032	1.34e-07	0.000795	ACCGTTGACTTTT
Phvul.009G080000	MP00531	Phvul.006G134700	311	323	-	18.0323	1.42e-07	0.000836	CGTTGACTTTTGA
Phvul.006G111700	MP00525	Phvul.006G134700	314	324	+	19.629	1.83e-07	0.00109	AAAGTCAACGG
Phvul.009G043200	MP00304	Phvul.006G134700	314	325	-	18.6613	2.27e-07	0.00134	ACCGTTGACTTT
Phvul.007G177900	MP00284	Phvul.006G134700	313	323	+	19.4032	2.44e-07	0.00144	AAAAGTCAACG
Phvul.005G181800	MP00251	Phvul.006G134700	311	325	-	17.6613	2.5e-07	0.00148	ACCGTTGACTTTTGA
Phvul.002G293200	MP00448	Phvul.006G134700	313	323	+	18.2097	3.23e-07	0.00191	AAAAGTCAACG
Phvul.002G016100	MP00275	Phvul.006G134700	313	323	+	18	3.23e-07	0.00191	AAAAGTCAACG
Phvul.008G251300	MP00299	Phvul.006G134700	313	323	+	17.9194	3.74e-07	0.00221	AAAAGTCAACG
Phvul.010G013500	MP00407	Phvul.006G134700	228	248	+	16.5323	3.99e-07	0.00224	TTTTCTTTTTATTTTTTCCCT
Phvul.002G240900	MP00167	Phvul.006G134700	313	323	+	18.5	4.78e-07	0.00284	AAAAGTCAACG
Phvul.006G147800	MP00209	Phvul.006G134700	305	323	-	18.0909	4.94e-07	0.00291	CGTTGACTTTTGACCGTTC
Phvul.001G010400	MP00240	Phvul.006G134700	673	687	-	16.5968	7.38e-07	0.00435	TCATCTGCACCGCTG
Phvul.006G053300	MP00455	Phvul.006G134700	313	325	-	17.2742	7.81e-07	0.00462	ACCGTTGACTTTT
Phvul.006G123700	MP00607	Phvul.001G004200	223	231	-	15.8939	7.87e-07	0.00465	TTTAGGGCG
Phvul.008G270400	MP00229	Phvul.004G173900	737	755	+	15.5354	1.05e-06	0.006	CTTCTTCTTGTTCATCCAC
Phvul.007G027000	MP00217	Phvul.006G134700	673	687	-	14.5	1.37e-06	0.00805	TCATCTGCACCGCTG
Phvul.003G248500	MP00402	Phvul.001G004200	474	494	-	15.0484	1.64e-06	0.00935	CTTTTTTTTTTTTTACTTTTT
Phvul.002G055800	MP00549	Phvul.006G134700	673	687	-	14.0161	1.65e-06	0.00977	TCATCTGCACCGCTG
Phvul.006G047800	MP00194	Phvul.006G134700	673	687	+	14.2419	1.73e-06	0.0102	CAGCGGTGCAGATGA
Phvul.008G052000	MP00610	Phvul.006G134700	174	193	-	15.8158	2.1e-06	0.0117	AGAAAAGAGAAAAAAATAGA
Phvul.003G102500	MP00520	Phvul.006G134700	673	687	-	13.4677	2.39e-06	0.0141	TCATCTGCACCGCTG
Phvul.007G043200	MP00434	Phvul.006G134700	923	937	-	12.9839	2.73e-06	0.0161	ATGCCACGCGTTTTC
Phvul.007G255100	MP00411	Phvul.006G134700	674	684	-	13.0484	3.02e-06	0.0178	TCTGCACCGCT
Phvul.008G182900	MP00451	Phvul.006G134700	316	330	-	14.2742	3.27e-06	0.0117	TATCCACCGTTGACT
Phvul.007G257100	MP00308	Phvul.004G173900	514	524	+	15.8028	3.62e-06	0.0215	AGCAACTTGTC
Phvul.002G081600	MP00067	Phvul.006G134700	314	323	+	13.6923	3.88e-06	0.023	AAAGTCAACG
Phvul.008G048100	MP00618	Phvul.006G134700	315	324	-	14.9189	3.91e-06	0.0232	CCGTTGACTT
Phvul.008G182900	MP00451	Phvul.006G134700	379	393	-	13.871	3.96e-06	0.0117	TTTTGACCGTTCAAC
Phvul.005G044600	MP00250	Phvul.004G173900	500	520	-	14.5806	4.12e-06	0.0242	AGTTGCTTATGATTGAAGACA
Phvul.010G159500	MP00526	Phvul.006G134700	667	685	+	12	4.4e-06	0.0258	AATAGACAGCGGTGCAGAT
Phvul.009G089300	MP00526	Phvul.006G134700	667	685	+	12	4.4e-06	0.0258	AATAGACAGCGGTGCAGAT
Phvul.005G180600	MP00526	Phvul.006G134700	667	685	+	12	4.4e-06	0.0258	AATAGACAGCGGTGCAGAT
Phvul.009G225000	MP00151	Phvul.006G134700	372	385	+	14.3871	4.71e-06	0.0278	TTGGCCGGTTGAAC
Phvul.009G183300	MP00236	Phvul.001G004200	544	554	+	14.4194	5.03e-06	0.0299	TATGGATAAGA
Phvul.005G047300	MP00205	Phvul.004G173900	500	520	+	13	5.88e-06	0.0346	TGTCTTCAATCATAAGCAACT
Phvul.007G212900	MP00069	Phvul.006G134700	316	323	+	16.4222	5.98e-06	0.0354	AGTCAACG
Phvul.007G071900	MP00449	Phvul.001G004200	954	968	-	14.4677	6.42e-06	0.0379	AAATGGCCTTTCTGC
Phvul.011G001800	MP00181	Phvul.004G173900	514	524	-	14.9032	6.44e-06	0.0381	GACAAGTTGCT
Phvul.005G150100	MP00233	Phvul.006G134700	359	379	-	13.8684	6.6e-06	0.0388	CCGGCCAAATTCTCTCTTTCT
Phvul.003G248500	MP00402	Phvul.001G004200	980	1000	-	13.8065	6.72e-06	0.0167	CTTCCTTCCTCACTTCTTTTT
Phvul.008G052000	MP00610	Phvul.006G134700	172	191	-	14.3158	6.99e-06	0.0148	AAAAGAGAAAAAAATAGAAA
Phvul.011G003900	MP00431	Phvul.004G173900	500	520	-	13.6452	7.47e-06	0.0439	AGTTGCTTATGATTGAAGACA
Phvul.006G139200	MP00552	Phvul.001G004200	883	897	+	13.9545	7.56e-06	0.0446	TGTTTTTTTTACTGT
Phvul.011G057400	MP00195	Phvul.004G173900	512	525	+	14.6452	7.85e-06	0.0464	TAAGCAACTTGTCA
Phvul.008G052000	MP00610	Phvul.001G004200	480	499	+	14.1447	7.93e-06	0.0148	TAAAAAAAAAAAAAGAGTAA
Phvul.007G162800	MP00338	Phvul.001G004200	108	119	+	13.8871	8.01e-06	0.0473	AGATATTTTCAC
Phvul.011G162900	MP00358	Phvul.006G134700	670	684	-	9.41935	8.31e-06	0.0492	TCTGCACCGCTGTCT
Phvul.002G035900	MP00227	Phvul.006G134700	670	689	-	11.6452	8.49e-06	0.0498	AATCATCTGCACCGCTGTCT
Phvul.003G248500	MP00402	Phvul.006G134700	910	930	-	13.5484	8.78e-06	0.0167	GCGTTTTCTTTCTTACTTTAC
Phvul.008G286100	MP00094	Phvul.006G134700	511	521	-	13.012	8.84e-06	0.029	TTGACCGCTTA
Phvul.002G016700	MP00401	Phvul.006G134700	673	687	-	11.9032	9.04e-06	0.0534	TCATCTGCACCGCTG
Phvul.005G121800	MP00280	Phvul.004G173900	829	847	+	13.6774	9.76e-06	0.0574	ATGGCTTCACCTAAAGGGA
Phvul.008G286100	MP00094	Phvul.006G134700	304	314	-	12.8554	9.78e-06	0.029	TTGACCGTTCT

# FIMO (Find Individual Motif Occurrences): Version 5.5.9 compiled on Nov 24 2025 at 04:06:59
# The format of this file is described at https://meme-suite.org/meme/doc/fimo-output-format.html#tsv_results.
# fimo --bfile data/fasta/fasta_background/Pvulgaris_order1.bfile --thresh 1e-5 --no-pgc --oc results/fimo data/motivos/Pvu_TF_binding_motifs.meme data/fasta/fasta_analisis/target_batch.fasta
